1,    1.000000e+00,    5.000000e-01,    0.000000e+00
       2,   -1.000000e+00,    5.000000e-01,    0.000000e+00
       3,    9.523810e-01,    5.000000e-01,    0.000000e+00
       4,    9.047619e-01,    5.000000e-01,    0.000000e+00
       5,    8.571429e-01,    5.000000e-01,    0.000000e+00
       6,    8.095238e-01,    5.000000e-01,    0.000000e+00
       7,    7.619048e-01,    5.000000e-01,    0.000000e+00
       8,    7.142857e-01,    5.000000e-01,    0.000000e+00
       9,    6.666667e-01,    5.000000e-01,    0.000000e+00
      10,    6.190476e-01,    5.000000e-01,    0.000000e+00
      11,    5.714286e-01,    5.000000e-01,    0.000000e+00
      12,    5.238095e-01,    5.000000e-01,    0.000000e+00
      13,    4.761905e-01,    5.000000e-01,    0.000000e+00
      14,    4.285714e-01,    5.000000e-01,    0.000000e+00
      15,    3.809524e-01,    5.000000e-01,    0.000000e+00
      16,    3.333333e-01,    5.000000e-01,    0.000000e+00
      17,    2.857143e-01,    5.000000e-01,    0.000000e+00
      18,    2.380952e-01,    5.000000e-01,    0.000000e+00
      19,    1.904762e-01,    5.000000e-01,    0.000000e+00
      20,    1.428571e-01,    5.000000e-01,    0.000000e+00
      21,    9.523810e-02,    5.000000e-01,    0.000000e+00
      22,    4.761905e-02,    5.000000e-01,    0.000000e+00
      23,   -4.440892e-16,    5.000000e-01,    0.000000e+00
      24,   -4.761905e-02,    5.000000e-01,    0.000000e+00
      25,   -9.523810e-02,    5.000000e-01,    0.000000e+00
      26,   -1.428571e-01,    5.000000e-01,    0.000000e+00
      27,   -1.904762e-01,    5.000000e-01,    0.000000e+00
      28,   -2.380952e-01,    5.000000e-01,    0.000000e+00
      29,   -2.857143e-01,    5.000000e-01,    0.000000e+00
      30,   -3.333333e-01,    5.000000e-01,    0.000000e+00
      31,   -3.809524e-01,    5.000000e-01,    0.000000e+00
      32,   -4.285714e-01,    5.000000e-01,    0.000000e+00
      33,   -4.761905e-01,    5.000000e-01,    0.000000e+00
      34,   -5.238095e-01,    5.000000e-01,    0.000000e+00
      35,   -5.714286e-01,    5.000000e-01,    0.000000e+00
      36,   -6.190476e-01,    5.000000e-01,    0.000000e+00
      37,   -6.666667e-01,    5.000000e-01,    0.000000e+00
      38,   -7.142857e-01,    5.000000e-01,    0.000000e+00
      39,   -7.619048e-01,    5.000000e-01,    0.000000e+00
      40,   -8.095238e-01,    5.000000e-01,    0.000000e+00
      41,   -8.571429e-01,    5.000000e-01,    0.000000e+00
      42,   -9.047619e-01,    5.000000e-01,    0.000000e+00
      43,   -9.523810e-01,    5.000000e-01,    0.000000e+00
      44,   -1.000000e+00,   -5.000000e-01,    0.000000e+00
      45,   -1.000000e+00,    4.523810e-01,    0.000000e+00
      46,   -1.000000e+00,    4.047619e-01,    0.000000e+00
      47,   -1.000000e+00,    3.571429e-01,    0.000000e+00
      48,   -1.000000e+00,    3.095238e-01,    0.000000e+00
      49,   -1.000000e+00,    2.619048e-01,    0.000000e+00
      50,   -1.000000e+00,    2.142857e-01,    0.000000e+00
      51,   -1.000000e+00,    1.666667e-01,    0.000000e+00
      52,   -1.000000e+00,    1.190476e-01,    0.000000e+00
      53,   -1.000000e+00,    7.142857e-02,    0.000000e+00
      54,   -1.000000e+00,    2.380952e-02,    0.000000e+00
      55,   -1.000000e+00,   -2.380952e-02,    0.000000e+00
      56,   -1.000000e+00,   -7.142857e-02,    0.000000e+00
      57,   -1.000000e+00,   -1.190476e-01,    0.000000e+00
      58,   -1.000000e+00,   -1.666667e-01,    0.000000e+00
      59,   -1.000000e+00,   -2.142857e-01,    0.000000e+00
      60,   -1.000000e+00,   -2.619048e-01,    0.000000e+00
      61,   -1.000000e+00,   -3.095238e-01,    0.000000e+00
      62,   -1.000000e+00,   -3.571429e-01,    0.000000e+00
      63,   -1.000000e+00,   -4.047619e-01,    0.000000e+00
      64,   -1.000000e+00,   -4.523810e-01,    0.000000e+00
      65,    1.000000e+00,   -5.000000e-01,    0.000000e+00
      66,   -9.523810e-01,   -5.000000e-01,    0.000000e+00
      67,   -9.047619e-01,   -5.000000e-01,    0.000000e+00
      68,   -8.571429e-01,   -5.000000e-01,    0.000000e+00
      69,   -8.095238e-01,   -5.000000e-01,    0.000000e+00
      70,   -7.619048e-01,   -5.000000e-01,    0.000000e+00
      71,   -7.142857e-01,   -5.000000e-01,    0.000000e+00
      72,   -6.666667e-01,   -5.000000e-01,    0.000000e+00
      73,   -6.190476e-01,   -5.000000e-01,    0.000000e+00
      74,   -5.714286e-01,   -5.000000e-01,    0.000000e+00
      75,   -5.238095e-01,   -5.000000e-01,    0.000000e+00
      76,   -4.761905e-01,   -5.000000e-01,    0.000000e+00
      77,   -4.285714e-01,   -5.000000e-01,    0.000000e+00
      78,   -3.809524e-01,   -5.000000e-01,    0.000000e+00
      79,   -3.333333e-01,   -5.000000e-01,    0.000000e+00
      80,   -2.857143e-01,   -5.000000e-01,    0.000000e+00
      81,   -2.380952e-01,   -5.000000e-01,    0.000000e+00
      82,   -1.904762e-01,   -5.000000e-01,    0.000000e+00
      83,   -1.428571e-01,   -5.000000e-01,    0.000000e+00
      84,   -9.523810e-02,   -5.000000e-01,    0.000000e+00
      85,   -4.761905e-02,   -5.000000e-01,    0.000000e+00
      86,    4.440892e-16,   -5.000000e-01,    0.000000e+00
      87,    4.761905e-02,   -5.000000e-01,    0.000000e+00
      88,    9.523810e-02,   -5.000000e-01,    0.000000e+00
      89,    1.428571e-01,   -5.000000e-01,    0.000000e+00
      90,    1.904762e-01,   -5.000000e-01,    0.000000e+00
      91,    2.380952e-01,   -5.000000e-01,    0.000000e+00
      92,    2.857143e-01,   -5.000000e-01,    0.000000e+00
      93,    3.333333e-01,   -5.000000e-01,    0.000000e+00
      94,    3.809524e-01,   -5.000000e-01,    0.000000e+00
      95,    4.285714e-01,   -5.000000e-01,    0.000000e+00
      96,    4.761905e-01,   -5.000000e-01,    0.000000e+00
      97,    5.238095e-01,   -5.000000e-01,    0.000000e+00
      98,    5.714286e-01,   -5.000000e-01,    0.000000e+00
      99,    6.190476e-01,   -5.000000e-01,    0.000000e+00
     100,    6.666667e-01,   -5.000000e-01,    0.000000e+00
     101,    7.142857e-01,   -5.000000e-01,    0.000000e+00
     102,    7.619048e-01,   -5.000000e-01,    0.000000e+00
     103,    8.095238e-01,   -5.000000e-01,    0.000000e+00
     104,    8.571429e-01,   -5.000000e-01,    0.000000e+00
     105,    9.047619e-01,   -5.000000e-01,    0.000000e+00
     106,    9.523810e-01,   -5.000000e-01,    0.000000e+00
     107,    1.000000e+00,   -4.523810e-01,    0.000000e+00
     108,    1.000000e+00,   -4.047619e-01,    0.000000e+00
     109,    1.000000e+00,   -3.571429e-01,    0.000000e+00
     110,    1.000000e+00,   -3.095238e-01,    0.000000e+00
     111,    1.000000e+00,   -2.619048e-01,    0.000000e+00
     112,    1.000000e+00,   -2.142857e-01,    0.000000e+00
     113,    1.000000e+00,   -1.666667e-01,    0.000000e+00
     114,    1.000000e+00,   -1.190476e-01,    0.000000e+00
     115,    1.000000e+00,   -7.142857e-02,    0.000000e+00
     116,    1.000000e+00,   -2.380952e-02,    0.000000e+00
     117,    1.000000e+00,    2.380952e-02,    0.000000e+00
     118,    1.000000e+00,    7.142857e-02,    0.000000e+00
     119,    1.000000e+00,    1.190476e-01,    0.000000e+00
     120,    1.000000e+00,    1.666667e-01,    0.000000e+00
     121,    1.000000e+00,    2.142857e-01,    0.000000e+00
     122,    1.000000e+00,    2.619048e-01,    0.000000e+00
     123,    1.000000e+00,    3.095238e-01,    0.000000e+00
     124,    1.000000e+00,    3.571429e-01,    0.000000e+00
     125,    1.000000e+00,    4.047619e-01,    0.000000e+00
     126,    1.000000e+00,    4.523810e-01,    0.000000e+00
     127,    9.227306e-01,    4.618258e-01,    0.000000e+00
     128,    8.815389e-01,    4.582697e-01,    0.000000e+00
     129,    8.347045e-01,    4.580280e-01,    0.000000e+00
     130,    7.871312e-01,    4.572500e-01,    0.000000e+00
     131,    7.394635e-01,    4.567248e-01,    0.000000e+00
     132,    6.919278e-01,    4.568708e-01,    0.000000e+00
     133,    6.437942e-01,    4.576631e-01,    0.000000e+00
     134,    5.958838e-01,    4.580533e-01,    0.000000e+00
     135,    5.478354e-01,    4.586425e-01,    0.000000e+00
     136,    5.000719e-01,    4.587420e-01,    0.000000e+00
     137,    4.524048e-01,    4.587586e-01,    0.000000e+00
     138,    4.047698e-01,    4.587614e-01,    0.000000e+00
     139,    3.571455e-01,    4.587618e-01,    0.000000e+00
     140,    3.095247e-01,    4.587619e-01,    0.000000e+00
     141,    2.619050e-01,    4.587619e-01,    0.000000e+00
     142,    2.142858e-01,    4.587619e-01,    0.000000e+00
     143,    1.666667e-01,    4.587619e-01,    0.000000e+00
     144,    1.190476e-01,    4.587619e-01,    0.000000e+00
     145,    7.142857e-02,    4.587619e-01,    0.000000e+00
     146,    2.380952e-02,    4.587619e-01,    0.000000e+00
     147,   -2.380952e-02,    4.587619e-01,    0.000000e+00
     148,   -7.142857e-02,    4.587619e-01,    0.000000e+00
     149,   -1.190476e-01,    4.587619e-01,    0.000000e+00
     150,   -1.666667e-01,    4.587619e-01,    0.000000e+00
     151,   -2.142857e-01,    4.587619e-01,    0.000000e+00
     152,   -2.619048e-01,    4.587619e-01,    0.000000e+00
     153,   -3.095238e-01,    4.587619e-01,    0.000000e+00
     154,   -3.571429e-01,    4.587619e-01,    0.000000e+00
     155,   -4.047619e-01,    4.587619e-01,    0.000000e+00
     156,   -4.523810e-01,    4.587619e-01,    0.000000e+00
     157,   -5.000000e-01,    4.587619e-01,    0.000000e+00
     158,   -5.476190e-01,    4.587619e-01,    0.000000e+00
     159,   -5.952381e-01,    4.587619e-01,    0.000000e+00
     160,   -6.428571e-01,    4.587619e-01,    0.000000e+00
     161,   -6.912199e-01,    4.583229e-01,    0.000000e+00
     162,   -7.389690e-01,    4.583060e-01,    0.000000e+00
     163,   -7.873121e-01,    4.580713e-01,    0.000000e+00
     164,   -8.359547e-01,    4.581840e-01,    0.000000e+00
     165,   -8.859130e-01,    4.571775e-01,    0.000000e+00
     166,   -9.378869e-01,    4.576035e-01,    0.000000e+00
     167,   -9.619839e-01,    4.225199e-01,    0.000000e+00
     168,   -9.578085e-01,    3.818274e-01,    0.000000e+00
     169,   -9.576518e-01,    3.350557e-01,    0.000000e+00
     170,   -9.569267e-01,    2.876557e-01,    0.000000e+00
     171,   -9.569374e-01,    2.399065e-01,    0.000000e+00
     172,   -9.570382e-01,    1.919199e-01,    0.000000e+00
     173,   -9.571429e-01,    1.440105e-01,    0.000000e+00
     174,   -9.575184e-01,    9.592804e-02,    0.000000e+00
     175,   -9.579872e-01,    4.818946e-02,    0.000000e+00
     176,   -9.586314e-01,    1.923873e-04,    0.000000e+00
     177,   -9.587401e-01,   -4.755463e-02,    0.000000e+00
     178,   -9.587583e-01,   -9.521654e-02,    0.000000e+00
     179,   -9.587613e-01,   -1.428499e-01,    0.000000e+00
     180,   -9.583222e-01,   -1.912164e-01,    0.000000e+00
     181,   -9.583050e-01,   -2.389670e-01,    0.000000e+00
     182,   -9.580699e-01,   -2.873102e-01,    0.000000e+00
     183,   -9.581832e-01,   -3.359535e-01,    0.000000e+00
     184,   -9.571772e-01,   -3.859124e-01,    0.000000e+00
     185,   -9.576033e-01,   -4.378866e-01,    0.000000e+00
     186,   -9.225197e-01,   -4.619835e-01,    0.000000e+00
     187,   -8.818273e-01,   -4.578081e-01,    0.000000e+00
     188,   -8.350554e-01,   -4.576507e-01,    0.000000e+00
     189,   -7.876554e-01,   -4.569247e-01,    0.000000e+00
     190,   -7.399065e-01,   -4.569358e-01,    0.000000e+00
     191,   -6.919199e-01,   -4.570373e-01,    0.000000e+00
     192,   -6.440112e-01,   -4.571397e-01,    0.000000e+00
     193,   -5.959321e-01,   -4.575165e-01,    0.000000e+00
     194,   -5.481923e-01,   -4.579874e-01,    0.000000e+00
     195,   -5.001933e-01,   -4.586315e-01,    0.000000e+00
     196,   -4.524457e-01,   -4.587401e-01,    0.000000e+00
     197,   -4.047836e-01,   -4.587583e-01,    0.000000e+00
     198,   -3.571501e-01,   -4.587613e-01,    0.000000e+00
     199,   -3.095262e-01,   -4.587618e-01,    0.000000e+00
     200,   -2.619056e-01,   -4.587619e-01,    0.000000e+00
     201,   -2.142860e-01,   -4.587619e-01,    0.000000e+00
     202,   -1.666668e-01,   -4.587619e-01,    0.000000e+00
     203,   -1.190476e-01,   -4.587619e-01,    0.000000e+00
     204,   -7.142858e-02,   -4.587619e-01,    0.000000e+00
     205,   -2.380953e-02,   -4.587619e-01,    0.000000e+00
     206,    2.380952e-02,   -4.587619e-01,    0.000000e+00
     207,    7.142857e-02,   -4.587619e-01,    0.000000e+00
     208,    1.190476e-01,   -4.587619e-01,    0.000000e+00
     209,    1.666667e-01,   -4.587619e-01,    0.000000e+00
     210,    2.142857e-01,   -4.587619e-01,    0.000000e+00
     211,    2.619048e-01,   -4.587619e-01,    0.000000e+00
     212,    3.095238e-01,   -4.587619e-01,    0.000000e+00
     213,    3.571429e-01,   -4.587619e-01,    0.000000e+00
     214,    4.047619e-01,   -4.587619e-01,    0.000000e+00
     215,    4.523810e-01,   -4.587619e-01,    0.000000e+00
     216,    5.000000e-01,   -4.587619e-01,    0.000000e+00
     217,    5.476190e-01,   -4.587619e-01,    0.000000e+00
     218,    5.952381e-01,   -4.587619e-01,    0.000000e+00
     219,    6.428571e-01,   -4.587619e-01,    0.000000e+00
     220,    6.912199e-01,   -4.583229e-01,    0.000000e+00
     221,    7.389690e-01,   -4.583060e-01,    0.000000e+00
     222,    7.873121e-01,   -4.580713e-01,    0.000000e+00
     223,    8.359547e-01,   -4.581840e-01,    0.000000e+00
     224,    8.859130e-01,   -4.571775e-01,    0.000000e+00
     225,    9.378869e-01,   -4.576035e-01,    0.000000e+00
     226,    9.619839e-01,   -4.225199e-01,    0.000000e+00
     227,    9.578085e-01,   -3.818274e-01,    0.000000e+00
     228,    9.576518e-01,   -3.350557e-01,    0.000000e+00
     229,    9.569267e-01,   -2.876557e-01,    0.000000e+00
     230,    9.569374e-01,   -2.399065e-01,    0.000000e+00
     231,    9.570382e-01,   -1.919199e-01,    0.000000e+00
     232,    9.571355e-01,   -1.440051e-01,    0.000000e+00
     233,    9.574984e-01,   -9.591486e-02,    0.000000e+00
     234,    9.575360e-01,   -4.822819e-02,    0.000000e+00
     235,    9.577448e-01,   -4.385977e-04,    0.000000e+00
     236,    9.587397e-01,    4.755544e-02,    0.000000e+00
     237,    9.583321e-01,    9.576863e-02,    0.000000e+00
     238,    9.583887e-01,    1.434578e-01,    0.000000e+00
     239,    9.582328e-01,    1.913397e-01,    0.000000e+00
     240,    9.575617e-01,    2.397990e-01,    0.000000e+00
     241,    9.573471e-01,    2.881758e-01,    0.000000e+00
     242,    9.578923e-01,    3.361007e-01,    0.000000e+00
     243,    9.570647e-01,    3.859701e-01,    0.000000e+00
     244,    9.575650e-01,    4.378478e-01,    0.000000e+00
     245,    9.114662e-01,    4.150439e-01,    0.000000e+00
     246,    8.601995e-01,    4.175290e-01,    0.000000e+00
     247,    8.128646e-01,    4.152263e-01,    0.000000e+00
     248,    7.655425e-01,    4.134967e-01,    0.000000e+00
     249,    7.172815e-01,    4.137412e-01,    0.000000e+00
     250,    6.687764e-01,    4.143750e-01,    0.000000e+00
     251,    6.205484e-01,    4.154511e-01,    0.000000e+00
     252,    5.725739e-01,    4.159318e-01,    0.000000e+00
     253,    5.245995e-01,    4.165623e-01,    0.000000e+00
     254,    4.763474e-01,    4.174810e-01,    0.000000e+00
     255,    4.286303e-01,    4.175166e-01,    0.000000e+00
     256,    3.809742e-01,    4.175228e-01,    0.000000e+00
     257,    3.333413e-01,    4.175237e-01,    0.000000e+00
     258,    2.857172e-01,    4.175238e-01,    0.000000e+00
     259,    2.380963e-01,    4.175238e-01,    0.000000e+00
     260,    1.904766e-01,    4.175238e-01,    0.000000e+00
     261,    1.428573e-01,    4.175238e-01,    0.000000e+00
     262,    9.523814e-02,    4.175238e-01,    0.000000e+00
     263,    4.761906e-02,    4.175238e-01,    0.000000e+00
     264,    5.702362e-09,    4.175238e-01,    0.000000e+00
     265,   -4.761905e-02,    4.175238e-01,    0.000000e+00
     266,   -9.523809e-02,    4.175238e-01,    0.000000e+00
     267,   -1.428571e-01,    4.175238e-01,    0.000000e+00
     268,   -1.904762e-01,    4.175238e-01,    0.000000e+00
     269,   -2.380952e-01,    4.175238e-01,    0.000000e+00
     270,   -2.857143e-01,    4.175238e-01,    0.000000e+00
     271,   -3.333333e-01,    4.175238e-01,    0.000000e+00
     272,   -3.809524e-01,    4.175238e-01,    0.000000e+00
     273,   -4.285714e-01,    4.175238e-01,    0.000000e+00
     274,   -4.761905e-01,    4.175238e-01,    0.000000e+00
     275,   -5.238095e-01,    4.175238e-01,    0.000000e+00
     276,   -5.714286e-01,    4.175238e-01,    0.000000e+00
     277,   -6.190476e-01,    4.175238e-01,    0.000000e+00
     278,   -6.674988e-01,    4.170260e-01,    0.000000e+00
     279,   -7.160712e-01,    4.163583e-01,    0.000000e+00
     280,   -7.653302e-01,    4.156479e-01,    0.000000e+00
     281,   -8.137281e-01,    4.160972e-01,    0.000000e+00
     282,   -8.622101e-01,    4.172643e-01,    0.000000e+00
     283,   -9.147773e-01,    4.119499e-01,    0.000000e+00
     284,   -9.174187e-01,    3.607320e-01,    0.000000e+00
     285,   -9.143133e-01,    3.138665e-01,    0.000000e+00
     286,   -9.131887e-01,    2.661295e-01,    0.000000e+00
     287,   -9.133144e-01,    2.177922e-01,    0.000000e+00
     288,   -9.138506e-01,    1.695425e-01,    0.000000e+00
     289,   -9.148723e-01,    1.209380e-01,    0.000000e+00
     290,   -9.156593e-01,    7.269413e-02,    0.000000e+00
     291,   -9.160051e-01,    2.466588e-02,    0.000000e+00
     292,   -9.164238e-01,   -2.324159e-02,    0.000000e+00
     293,   -9.174796e-01,   -7.128690e-02,    0.000000e+00
     294,   -9.175161e-01,   -1.189939e-01,    0.000000e+00
     295,   -9.170243e-01,   -1.674767e-01,    0.000000e+00
     296,   -9.163563e-01,   -2.160604e-01,    0.000000e+00
     297,   -9.156429e-01,   -2.653207e-01,    0.000000e+00
     298,   -9.160935e-01,   -3.137218e-01,    0.000000e+00
     299,   -9.172610e-01,   -3.622048e-01,    0.000000e+00
     300,   -9.119486e-01,   -4.147745e-01,    0.000000e+00
     301,   -8.607303e-01,   -4.174135e-01,    0.000000e+00
     302,   -8.138655e-01,   -4.143094e-01,    0.000000e+00
     303,   -7.661273e-01,   -4.131816e-01,    0.000000e+00
     304,   -7.177907e-01,   -4.133025e-01,    0.000000e+00
     305,   -6.695433e-01,   -4.138351e-01,    0.000000e+00
     306,   -6.209416e-01,   -4.148640e-01,    0.000000e+00
     307,   -5.727115e-01,   -4.156710e-01,    0.000000e+00
     308,   -5.247632e-01,   -4.163591e-01,    0.000000e+00
     309,   -4.765644e-01,   -4.172904e-01,    0.000000e+00
     310,   -4.287151e-01,   -4.174800e-01,    0.000000e+00
     311,   -3.810068e-01,   -4.175162e-01,    0.000000e+00
     312,   -3.333537e-01,   -4.175226e-01,    0.000000e+00
     313,   -2.857218e-01,   -4.175237e-01,    0.000000e+00
     314,   -2.380980e-01,   -4.175238e-01,    0.000000e+00
     315,   -1.904772e-01,   -4.175238e-01,    0.000000e+00
     316,   -1.428575e-01,   -4.175238e-01,    0.000000e+00
     317,   -9.523823e-02,   -4.175238e-01,    0.000000e+00
     318,   -4.761909e-02,   -4.175238e-01,    0.000000e+00
     319,   -1.671730e-08,   -4.175238e-01,    0.000000e+00
     320,    4.761904e-02,   -4.175238e-01,    0.000000e+00
     321,    9.523809e-02,   -4.175238e-01,    0.000000e+00
     322,    1.428571e-01,   -4.175238e-01,    0.000000e+00
     323,    1.904762e-01,   -4.175238e-01,    0.000000e+00
     324,    2.380952e-01,   -4.175238e-01,    0.000000e+00
     325,    2.857143e-01,   -4.175238e-01,    0.000000e+00
     326,    3.333333e-01,   -4.175238e-01,    0.000000e+00
     327,    3.809524e-01,   -4.175238e-01,    0.000000e+00
     328,    4.285714e-01,   -4.175238e-01,    0.000000e+00
     329,    4.761905e-01,   -4.175238e-01,    0.000000e+00
     330,    5.238095e-01,   -4.175238e-01,    0.000000e+00
     331,    5.714286e-01,   -4.175238e-01,    0.000000e+00
     332,    6.190476e-01,   -4.175238e-01,    0.000000e+00
     333,    6.674988e-01,   -4.170260e-01,    0.000000e+00
     334,    7.160712e-01,   -4.163583e-01,    0.000000e+00
     335,    7.653301e-01,   -4.156479e-01,    0.000000e+00
     336,    8.137281e-01,   -4.160972e-01,    0.000000e+00
     337,    8.622101e-01,   -4.172643e-01,    0.000000e+00
     338,    9.147773e-01,   -4.119499e-01,    0.000000e+00
     339,    9.174187e-01,   -3.607320e-01,    0.000000e+00
     340,    9.143133e-01,   -3.138665e-01,    0.000000e+00
     341,    9.131887e-01,   -2.661295e-01,    0.000000e+00
     342,    9.133144e-01,   -2.177922e-01,    0.000000e+00
     343,    9.138353e-01,   -1.695283e-01,    0.000000e+00
     344,    9.148519e-01,   -1.209204e-01,    0.000000e+00
     345,    9.151982e-01,   -7.279278e-02,    0.000000e+00
     346,    9.157112e-01,   -2.474481e-02,    0.000000e+00
     347,    9.162610e-01,    2.372249e-02,    0.000000e+00
     348,    9.164438e-01,    7.188293e-02,    0.000000e+00
     349,    9.165404e-01,    1.200413e-01,    0.000000e+00
     350,    9.160000e-01,    1.688548e-01,    0.000000e+00
     351,    9.157180e-01,    2.173836e-01,    0.000000e+00
     352,    9.149591e-01,    2.661037e-01,    0.000000e+00
     353,    9.153465e-01,    3.145043e-01,    0.000000e+00
     354,    9.169934e-01,    3.622888e-01,    0.000000e+00
     355,    8.809282e-01,    3.825854e-01,    0.000000e+00
     356,    8.398063e-01,    3.742811e-01,    0.000000e+00
     357,    7.924847e-01,    3.698004e-01,    0.000000e+00
     358,    7.433094e-01,    3.703050e-01,    0.000000e+00
     359,    6.945316e-01,    3.711012e-01,    0.000000e+00
     360,    6.452531e-01,    3.723950e-01,    0.000000e+00
     361,    5.972736e-01,    3.733562e-01,    0.000000e+00
     362,    5.489435e-01,    3.743328e-01,    0.000000e+00
     363,    5.007606e-01,    3.751496e-01,    0.000000e+00
     364,    4.527080e-01,    3.761441e-01,    0.000000e+00
     365,    4.048886e-01,    3.762621e-01,    0.000000e+00
     366,    3.571916e-01,    3.762824e-01,    0.000000e+00
     367,    3.095425e-01,    3.762855e-01,    0.000000e+00
     368,    2.619118e-01,    3.762858e-01,    0.000000e+00
     369,    2.142884e-01,    3.762858e-01,    0.000000e+00
     370,    1.666677e-01,    3.762857e-01,    0.000000e+00
     371,    1.190480e-01,    3.762857e-01,    0.000000e+00
     372,    7.142871e-02,    3.762857e-01,    0.000000e+00
     373,    2.380957e-02,    3.762857e-01,    0.000000e+00
     374,   -2.380951e-02,    3.762857e-01,    0.000000e+00
     375,   -7.142856e-02,    3.762857e-01,    0.000000e+00
     376,   -1.190476e-01,    3.762857e-01,    0.000000e+00
     377,   -1.666667e-01,    3.762857e-01,    0.000000e+00
     378,   -2.142857e-01,    3.762857e-01,    0.000000e+00
     379,   -2.619048e-01,    3.762857e-01,    0.000000e+00
     380,   -3.095238e-01,    3.762857e-01,    0.000000e+00
     381,   -3.571429e-01,    3.762857e-01,    0.000000e+00
     382,   -4.047619e-01,    3.762857e-01,    0.000000e+00
     383,   -4.523810e-01,    3.762857e-01,    0.000000e+00
     384,   -5.000000e-01,    3.762857e-01,    0.000000e+00
     385,   -5.476190e-01,    3.762857e-01,    0.000000e+00
     386,   -5.956415e-01,    3.758488e-01,    0.000000e+00
     387,   -6.441933e-01,    3.753190e-01,    0.000000e+00
     388,   -6.933091e-01,    3.747242e-01,    0.000000e+00
     389,   -7.422978e-01,    3.742207e-01,    0.000000e+00
     390,   -7.925181e-01,    3.726091e-01,    0.000000e+00
     391,   -8.397563e-01,    3.749924e-01,    0.000000e+00
     392,   -8.818115e-01,    3.814811e-01,    0.000000e+00
     393,   -8.736373e-01,    3.406445e-01,    0.000000e+00
     394,   -8.689456e-01,    2.937300e-01,    0.000000e+00
     395,   -8.692425e-01,    2.442963e-01,    0.000000e+00
     396,   -8.699452e-01,    1.954533e-01,    0.000000e+00
     397,   -8.713240e-01,    1.464837e-01,    0.000000e+00
     398,   -8.728082e-01,    9.749817e-02,    0.000000e+00
     399,   -8.735645e-01,    4.918960e-02,    0.000000e+00
     400,   -8.744288e-01,    1.006217e-03,    0.000000e+00
     401,   -8.749819e-01,   -4.745381e-02,    0.000000e+00
     402,   -8.752096e-01,   -9.543953e-02,    0.000000e+00
     403,   -8.751670e-01,   -1.440728e-01,    0.000000e+00
     404,   -8.746945e-01,   -1.932507e-01,    0.000000e+00
     405,   -8.742074e-01,   -2.422650e-01,    0.000000e+00
     406,   -8.726005e-01,   -2.924957e-01,    0.000000e+00
     407,   -8.749874e-01,   -3.397434e-01,    0.000000e+00
     408,   -8.814784e-01,   -3.818036e-01,    0.000000e+00
     409,   -8.406413e-01,   -3.736273e-01,    0.000000e+00
     410,   -7.937223e-01,   -3.689232e-01,    0.000000e+00
     411,   -7.442903e-01,   -3.692169e-01,    0.000000e+00
     412,   -6.954513e-01,   -3.699207e-01,    0.000000e+00
     413,   -6.464832e-01,   -3.713012e-01,    0.000000e+00
     414,   -5.975747e-01,   -3.728470e-01,    0.000000e+00
     415,   -5.490594e-01,   -3.740289e-01,    0.000000e+00
     416,   -5.011683e-01,   -3.746629e-01,    0.000000e+00
     417,   -4.531154e-01,   -3.755840e-01,    0.000000e+00
     418,   -4.050514e-01,   -3.761582e-01,    0.000000e+00
     419,   -3.572562e-01,   -3.762640e-01,    0.000000e+00
     420,   -3.095679e-01,   -3.762826e-01,    0.000000e+00
     421,   -2.619218e-01,   -3.762855e-01,    0.000000e+00
     422,   -2.142923e-01,   -3.762858e-01,    0.000000e+00
     423,   -1.666692e-01,   -3.762858e-01,    0.000000e+00
     424,   -1.190486e-01,   -3.762857e-01,    0.000000e+00
     425,   -7.142893e-02,   -3.762857e-01,    0.000000e+00
     426,   -2.380966e-02,   -3.762857e-01,    0.000000e+00
     427,    2.380947e-02,   -3.762857e-01,    0.000000e+00
     428,    7.142855e-02,   -3.762857e-01,    0.000000e+00
     429,    1.190476e-01,   -3.762857e-01,    0.000000e+00
     430,    1.666667e-01,   -3.762857e-01,    0.000000e+00
     431,    2.142857e-01,   -3.762857e-01,    0.000000e+00
     432,    2.619048e-01,   -3.762857e-01,    0.000000e+00
     433,    3.095238e-01,   -3.762857e-01,    0.000000e+00
     434,    3.571429e-01,   -3.762857e-01,    0.000000e+00
     435,    4.047619e-01,   -3.762857e-01,    0.000000e+00
     436,    4.523810e-01,   -3.762857e-01,    0.000000e+00
     437,    5.000000e-01,   -3.762857e-01,    0.000000e+00
     438,    5.476190e-01,   -3.762857e-01,    0.000000e+00
     439,    5.956414e-01,   -3.758475e-01,    0.000000e+00
     440,    6.441924e-01,   -3.753172e-01,    0.000000e+00
     441,    6.933088e-01,   -3.747239e-01,    0.000000e+00
     442,    7.422977e-01,   -3.742206e-01,    0.000000e+00
     443,    7.925180e-01,   -3.726090e-01,    0.000000e+00
     444,    8.397563e-01,   -3.749924e-01,    0.000000e+00
     445,    8.818115e-01,   -3.814811e-01,    0.000000e+00
     446,    8.736373e-01,   -3.406445e-01,    0.000000e+00
     447,    8.689456e-01,   -2.937300e-01,    0.000000e+00
     448,    8.692425e-01,   -2.442963e-01,    0.000000e+00
     449,    8.699371e-01,   -1.954430e-01,    0.000000e+00
     450,    8.712978e-01,   -1.464603e-01,    0.000000e+00
     451,    8.726081e-01,   -9.749300e-02,    0.000000e+00
     452,    8.734381e-01,   -4.907455e-02,    0.000000e+00
     453,    8.736515e-01,   -6.442731e-04,    0.000000e+00
     454,    8.744469e-01,    4.774181e-02,    0.000000e+00
     455,    8.741934e-01,    9.672344e-02,    0.000000e+00
     456,    8.742381e-01,    1.454343e-01,    0.000000e+00
     457,    8.735811e-01,    1.943024e-01,    0.000000e+00
     458,    8.728672e-01,    2.436888e-01,    0.000000e+00
     459,    8.714335e-01,    2.934323e-01,    0.000000e+00
     460,    8.741880e-01,    3.407918e-01,    0.000000e+00
     461,    8.246467e-01,    3.236531e-01,    0.000000e+00
     462,    7.699399e-01,    3.265507e-01,    0.000000e+00
     463,    7.204531e-01,    3.257804e-01,    0.000000e+00
     464,    6.704814e-01,    3.290869e-01,    0.000000e+00
     465,    6.219160e-01,    3.307204e-01,    0.000000e+00
     466,    5.733384e-01,    3.314650e-01,    0.000000e+00
     467,    5.253332e-01,    3.326126e-01,    0.000000e+00
     468,    4.770828e-01,    3.339504e-01,    0.000000e+00
     469,    4.289696e-01,    3.348265e-01,    0.000000e+00
     470,    3.811245e-01,    3.350076e-01,    0.000000e+00
     471,    3.334060e-01,    3.350419e-01,    0.000000e+00
     472,    2.857444e-01,    3.350474e-01,    0.000000e+00
     473,    2.381075e-01,    3.350479e-01,    0.000000e+00
     474,    1.904811e-01,    3.350478e-01,    0.000000e+00
     475,    1.428591e-01,    3.350477e-01,    0.000000e+00
     476,    9.523886e-02,    3.350477e-01,    0.000000e+00
     477,    4.761934e-02,    3.350476e-01,    0.000000e+00
     478,    1.139025e-07,    3.350476e-01,    0.000000e+00
     479,   -4.761900e-02,    3.350476e-01,    0.000000e+00
     480,   -9.523808e-02,    3.350476e-01,    0.000000e+00
     481,   -1.428571e-01,    3.350476e-01,    0.000000e+00
     482,   -1.904762e-01,    3.350476e-01,    0.000000e+00
     483,   -2.380952e-01,    3.350476e-01,    0.000000e+00
     484,   -2.857143e-01,    3.350476e-01,    0.000000e+00
     485,   -3.333333e-01,    3.350476e-01,    0.000000e+00
     486,   -3.809524e-01,    3.350476e-01,    0.000000e+00
     487,   -4.285714e-01,    3.350476e-01,    0.000000e+00
     488,   -4.761905e-01,    3.350476e-01,    0.000000e+00
     489,   -5.240534e-01,    3.347942e-01,    0.000000e+00
     490,   -5.726433e-01,    3.341789e-01,    0.000000e+00
     491,   -6.205244e-01,    3.340229e-01,    0.000000e+00
     492,   -6.698017e-01,    3.330821e-01,    0.000000e+00
     493,   -7.194724e-01,    3.321439e-01,    0.000000e+00
     494,   -7.687909e-01,    3.319470e-01,    0.000000e+00
     495,   -8.230768e-01,    3.258449e-01,    0.000000e+00
     496,   -8.253568e-01,    2.711924e-01,    0.000000e+00
     497,   -8.252591e-01,    2.213482e-01,    0.000000e+00
     498,   -8.280849e-01,    1.715165e-01,    0.000000e+00
     499,   -8.299547e-01,    1.223087e-01,    0.000000e+00
     500,   -8.312656e-01,    7.359564e-02,    0.000000e+00
     501,   -8.317666e-01,    2.500092e-02,    0.000000e+00
     502,   -8.321202e-01,   -2.352886e-02,    0.000000e+00
     503,   -8.326603e-01,   -7.192216e-02,    0.000000e+00
     504,   -8.332911e-01,   -1.201264e-01,    0.000000e+00
     505,   -8.328871e-01,   -1.696000e-01,    0.000000e+00
     506,   -8.319688e-01,   -2.193393e-01,    0.000000e+00
     507,   -8.319072e-01,   -2.687231e-01,    0.000000e+00
     508,   -8.258359e-01,   -3.230428e-01,    0.000000e+00
     509,   -7.711816e-01,   -3.253193e-01,    0.000000e+00
     510,   -7.213384e-01,   -3.252157e-01,    0.000000e+00
     511,   -6.715048e-01,   -3.280103e-01,    0.000000e+00
     512,   -6.223876e-01,   -3.299290e-01,    0.000000e+00
     513,   -5.737651e-01,   -3.313376e-01,    0.000000e+00
     514,   -5.257292e-01,   -3.321336e-01,    0.000000e+00
     515,   -4.774140e-01,   -3.332996e-01,    0.000000e+00
     516,   -4.294387e-01,   -3.341346e-01,    0.000000e+00
     517,   -3.813271e-01,   -3.348618e-01,    0.000000e+00
     518,   -3.334926e-01,   -3.350139e-01,    0.000000e+00
     519,   -2.857810e-01,   -3.350428e-01,    0.000000e+00
     520,   -2.381228e-01,   -3.350475e-01,    0.000000e+00
     521,   -1.904874e-01,   -3.350479e-01,    0.000000e+00
     522,   -1.428617e-01,   -3.350478e-01,    0.000000e+00
     523,   -9.523990e-02,   -3.350477e-01,    0.000000e+00
     524,   -4.761976e-02,   -3.350477e-01,    0.000000e+00
     525,   -2.790292e-07,   -3.350476e-01,    0.000000e+00
     526,    4.761894e-02,   -3.350476e-01,    0.000000e+00
     527,    9.523805e-02,   -3.350476e-01,    0.000000e+00
     528,    1.428571e-01,   -3.350476e-01,    0.000000e+00
     529,    1.904762e-01,   -3.350476e-01,    0.000000e+00
     530,    2.380952e-01,   -3.350476e-01,    0.000000e+00
     531,    2.857143e-01,   -3.350476e-01,    0.000000e+00
     532,    3.333333e-01,   -3.350476e-01,    0.000000e+00
     533,    3.809524e-01,   -3.350476e-01,    0.000000e+00
     534,    4.285714e-01,   -3.350476e-01,    0.000000e+00
     535,    4.761905e-01,   -3.350476e-01,    0.000000e+00
     536,    5.240542e-01,   -3.347740e-01,    0.000000e+00
     537,    5.726323e-01,   -3.341474e-01,    0.000000e+00
     538,    6.205192e-01,   -3.340142e-01,    0.000000e+00
     539,    6.697997e-01,   -3.330800e-01,    0.000000e+00
     540,    7.194580e-01,   -3.321264e-01,    0.000000e+00
     541,    7.687903e-01,   -3.319466e-01,    0.000000e+00
     542,    8.230767e-01,   -3.258449e-01,    0.000000e+00
     543,    8.253568e-01,   -2.711923e-01,    0.000000e+00
     544,    8.252575e-01,   -2.213466e-01,    0.000000e+00
     545,    8.280631e-01,   -1.714907e-01,    0.000000e+00
     546,    8.297959e-01,   -1.222439e-01,    0.000000e+00
     547,    8.309900e-01,   -7.352889e-02,    0.000000e+00
     548,    8.315078e-01,   -2.516158e-02,    0.000000e+00
     549,    8.321069e-01,    2.380162e-02,    0.000000e+00
     550,    8.324139e-01,    7.256230e-02,    0.000000e+00
     551,    8.321602e-01,    1.216258e-01,    0.000000e+00
     552,    8.322285e-01,    1.703587e-01,    0.000000e+00
     553,    8.312148e-01,    2.200847e-01,    0.000000e+00
     554,    8.307597e-01,    2.696278e-01,    0.000000e+00
     555,    7.919733e-01,    2.889145e-01,    0.000000e+00
     556,    7.466015e-01,    2.776169e-01,    0.000000e+00
     557,    6.949576e-01,    2.855373e-01,    0.000000e+00
     558,    6.458936e-01,    2.874630e-01,    0.000000e+00
     559,    5.977375e-01,    2.885641e-01,    0.000000e+00
     560,    5.495441e-01,    2.900330e-01,    0.000000e+00
     561,    5.013591e-01,    2.915221e-01,    0.000000e+00
     562,    4.533281e-01,    2.926425e-01,    0.000000e+00
     563,    4.051981e-01,    2.935511e-01,    0.000000e+00
     564,    3.573419e-01,    2.937595e-01,    0.000000e+00
     565,    3.096132e-01,    2.938023e-01,    0.000000e+00
     566,    2.619441e-01,    2.938095e-01,    0.000000e+00
     567,    2.143027e-01,    2.938102e-01,    0.000000e+00
     568,    1.666739e-01,    2.938099e-01,    0.000000e+00
     569,    1.190506e-01,    2.938097e-01,    0.000000e+00
     570,    7.142982e-02,    2.938096e-01,    0.000000e+00
     571,    2.381003e-02,    2.938096e-01,    0.000000e+00
     572,   -2.380932e-02,    2.938095e-01,    0.000000e+00
     573,   -7.142849e-02,    2.938095e-01,    0.000000e+00
     574,   -1.190476e-01,    2.938095e-01,    0.000000e+00
     575,   -1.666667e-01,    2.938095e-01,    0.000000e+00
     576,   -2.142857e-01,    2.938095e-01,    0.000000e+00
     577,   -2.619048e-01,    2.938095e-01,    0.000000e+00
     578,   -3.095238e-01,    2.938095e-01,    0.000000e+00
     579,   -3.571429e-01,    2.938095e-01,    0.000000e+00
     580,   -4.047619e-01,    2.938095e-01,    0.000000e+00
     581,   -4.523810e-01,    2.938095e-01,    0.000000e+00
     582,   -5.005952e-01,    2.933487e-01,    0.000000e+00
     583,   -5.485415e-01,    2.931660e-01,    0.000000e+00
     584,   -5.979445e-01,    2.918924e-01,    0.000000e+00
     585,   -6.466271e-01,    2.911512e-01,    0.000000e+00
     586,   -6.960177e-01,    2.905201e-01,    0.000000e+00
     587,   -7.452271e-01,    2.900602e-01,    0.000000e+00
     588,   -7.882251e-01,    2.931064e-01,    0.000000e+00
     589,   -7.772342e-01,    2.474901e-01,    0.000000e+00
     590,   -7.849421e-01,    1.955370e-01,    0.000000e+00
     591,   -7.867055e-01,    1.471276e-01,    0.000000e+00
     592,   -7.879076e-01,    9.796341e-02,    0.000000e+00
     593,   -7.887675e-01,    4.935657e-02,    0.000000e+00
     594,   -7.895418e-01,    3.992897e-04,    0.000000e+00
     595,   -7.903313e-01,   -4.828496e-02,    0.000000e+00
     596,   -7.904926e-01,   -9.721217e-02,    0.000000e+00
     597,   -7.906624e-01,   -1.462134e-01,    0.000000e+00
     598,   -7.900742e-01,   -1.958670e-01,    0.000000e+00
     599,   -7.899862e-01,   -2.451255e-01,    0.000000e+00
     600,   -7.930725e-01,   -2.881627e-01,    0.000000e+00
     601,   -7.474106e-01,   -2.771607e-01,    0.000000e+00
     602,   -6.955141e-01,   -2.848454e-01,    0.000000e+00
     603,   -6.471248e-01,   -2.866004e-01,    0.000000e+00
     604,   -5.984519e-01,   -2.883446e-01,    0.000000e+00
     605,   -5.500813e-01,   -2.897844e-01,    0.000000e+00
     606,   -5.016275e-01,   -2.913070e-01,    0.000000e+00
     607,   -4.532738e-01,   -2.925592e-01,    0.000000e+00
     608,   -4.052940e-01,   -2.933127e-01,    0.000000e+00
     609,   -3.574312e-01,   -2.936766e-01,    0.000000e+00
     610,   -3.096691e-01,   -2.937823e-01,    0.000000e+00
     611,   -2.619741e-01,   -2.938062e-01,    0.000000e+00
     612,   -2.143175e-01,   -2.938101e-01,    0.000000e+00
     613,   -1.666808e-01,   -2.938102e-01,    0.000000e+00
     614,   -1.190538e-01,   -2.938099e-01,    0.000000e+00
     615,   -7.143119e-02,   -2.938097e-01,    0.000000e+00
     616,   -2.381062e-02,   -2.938096e-01,    0.000000e+00
     617,    2.380907e-02,   -2.938096e-01,    0.000000e+00
     618,    7.142839e-02,   -2.938095e-01,    0.000000e+00
     619,    1.190475e-01,   -2.938095e-01,    0.000000e+00
     620,    1.666666e-01,   -2.938095e-01,    0.000000e+00
     621,    2.142857e-01,   -2.938095e-01,    0.000000e+00
     622,    2.619048e-01,   -2.938095e-01,    0.000000e+00
     623,    3.095238e-01,   -2.938095e-01,    0.000000e+00
     624,    3.571429e-01,   -2.938095e-01,    0.000000e+00
     625,    4.047619e-01,   -2.938095e-01,    0.000000e+00
     626,    4.523810e-01,   -2.938095e-01,    0.000000e+00
     627,    5.005906e-01,   -2.932825e-01,    0.000000e+00
     628,    5.485261e-01,   -2.931022e-01,    0.000000e+00
     629,    5.967575e-01,   -2.926666e-01,    0.000000e+00
     630,    6.462579e-01,   -2.915704e-01,    0.000000e+00
     631,    6.959665e-01,   -2.904724e-01,    0.000000e+00
     632,    7.452257e-01,   -2.900595e-01,    0.000000e+00
     633,    7.882245e-01,   -2.931061e-01,    0.000000e+00
     634,    7.772065e-01,   -2.474754e-01,    0.000000e+00
     635,    7.849366e-01,   -1.955326e-01,    0.000000e+00
     636,    7.866210e-01,   -1.470517e-01,    0.000000e+00
     637,    7.877989e-01,   -9.795271e-02,    0.000000e+00
     638,    7.885785e-01,   -4.935767e-02,    0.000000e+00
     639,    7.895150e-01,   -3.913002e-04,    0.000000e+00
     640,    7.904642e-01,    4.844315e-02,    0.000000e+00
     641,    7.905722e-01,    9.749507e-02,    0.000000e+00
     642,    7.894200e-01,    1.473998e-01,    0.000000e+00
     643,    7.893897e-01,    1.965281e-01,    0.000000e+00
     644,    7.890852e-01,    2.455254e-01,    0.000000e+00
     645,    7.121267e-01,    2.453348e-01,    0.000000e+00
     646,    6.701462e-01,    2.435945e-01,    0.000000e+00
     647,    6.225279e-01,    2.451760e-01,    0.000000e+00
     648,    5.743415e-01,    2.467966e-01,    0.000000e+00
     649,    5.254425e-01,    2.492156e-01,    0.000000e+00
     650,    4.771091e-01,    2.504443e-01,    0.000000e+00
     651,    4.292874e-01,    2.514238e-01,    0.000000e+00
     652,    3.813243e-01,    2.523038e-01,    0.000000e+00
     653,    3.335203e-01,    2.525172e-01,    0.000000e+00
     654,    2.858054e-01,    2.525636e-01,    0.000000e+00
     655,    2.381384e-01,    2.525718e-01,    0.000000e+00
     656,    1.904961e-01,    2.525725e-01,    0.000000e+00
     657,    1.428661e-01,    2.525720e-01,    0.000000e+00
     658,    9.524205e-02,    2.525717e-01,    0.000000e+00
     659,    4.762077e-02,    2.525716e-01,    0.000000e+00
     660,    7.344411e-07,    2.525715e-01,    0.000000e+00
     661,   -4.761874e-02,    2.525715e-01,    0.000000e+00
     662,   -9.523797e-02,    2.525714e-01,    0.000000e+00
     663,   -1.428571e-01,    2.525714e-01,    0.000000e+00
     664,   -1.904762e-01,    2.525714e-01,    0.000000e+00
     665,   -2.380952e-01,    2.525714e-01,    0.000000e+00
     666,   -2.857143e-01,    2.525714e-01,    0.000000e+00
     667,   -3.333333e-01,    2.525714e-01,    0.000000e+00
     668,   -3.809524e-01,    2.525714e-01,    0.000000e+00
     669,   -4.285714e-01,    2.525714e-01,    0.000000e+00
     670,   -4.769268e-01,    2.519370e-01,    0.000000e+00
     671,   -5.248078e-01,    2.517759e-01,    0.000000e+00
     672,   -5.737384e-01,    2.508534e-01,    0.000000e+00
     673,   -6.228657e-01,    2.499448e-01,    0.000000e+00
     674,   -6.728448e-01,    2.478059e-01,    0.000000e+00
     675,   -7.223222e-01,    2.485559e-01,    0.000000e+00
     676,   -7.455395e-01,    2.130041e-01,    0.000000e+00
     677,   -7.433608e-01,    1.705392e-01,    0.000000e+00
     678,   -7.439621e-01,    1.224757e-01,    0.000000e+00
     679,   -7.454876e-01,    7.399323e-02,    0.000000e+00
     680,   -7.471495e-01,    2.479558e-02,    0.000000e+00
     681,   -7.477799e-01,   -2.413360e-02,    0.000000e+00
     682,   -7.481818e-01,   -7.328515e-02,    0.000000e+00
     683,   -7.488738e-01,   -1.223181e-01,    0.000000e+00
     684,   -7.470727e-01,   -1.725869e-01,    0.000000e+00
     685,   -7.483042e-01,   -2.222249e-01,    0.000000e+00
     686,   -7.128923e-01,   -2.454127e-01,    0.000000e+00
     687,   -6.706780e-01,   -2.434685e-01,    0.000000e+00
     688,   -6.230054e-01,   -2.449352e-01,    0.000000e+00
     689,   -5.742267e-01,   -2.469127e-01,    0.000000e+00
     690,   -5.255969e-01,   -2.483275e-01,    0.000000e+00
     691,   -4.771137e-01,   -2.500514e-01,    0.000000e+00
     692,   -4.291755e-01,   -2.507999e-01,    0.000000e+00
     693,   -3.814082e-01,   -2.513127e-01,    0.000000e+00
     694,   -3.335764e-01,   -2.524624e-01,    0.000000e+00
     695,   -2.858433e-01,   -2.525493e-01,    0.000000e+00
     696,   -2.381612e-01,   -2.525695e-01,    0.000000e+00
     697,   -1.905086e-01,   -2.525727e-01,    0.000000e+00
     698,   -1.428726e-01,   -2.525725e-01,    0.000000e+00
     699,   -9.524524e-02,   -2.525720e-01,    0.000000e+00
     700,   -4.762227e-02,   -2.525717e-01,    0.000000e+00
     701,   -1.428045e-06,   -2.525715e-01,    0.000000e+00
     702,    4.761843e-02,   -2.525715e-01,    0.000000e+00
     703,    9.523783e-02,   -2.525714e-01,    0.000000e+00
     704,    1.428570e-01,   -2.525714e-01,    0.000000e+00
     705,    1.904761e-01,   -2.525714e-01,    0.000000e+00
     706,    2.380952e-01,   -2.525714e-01,    0.000000e+00
     707,    2.857143e-01,   -2.525714e-01,    0.000000e+00
     708,    3.333333e-01,   -2.525714e-01,    0.000000e+00
     709,    3.809524e-01,   -2.525714e-01,    0.000000e+00
     710,    4.287829e-01,   -2.522231e-01,    0.000000e+00
     711,    4.769092e-01,   -2.516629e-01,    0.000000e+00
     712,    5.247131e-01,   -2.517278e-01,    0.000000e+00
     713,    5.732810e-01,   -2.511110e-01,    0.000000e+00
     714,    6.226557e-01,   -2.499510e-01,    0.000000e+00
     715,    6.726098e-01,   -2.478935e-01,    0.000000e+00
     716,    7.222419e-01,   -2.484708e-01,    0.000000e+00
     717,    7.455243e-01,   -2.130050e-01,    0.000000e+00
     718,    7.432503e-01,   -1.704637e-01,    0.000000e+00
     719,    7.438023e-01,   -1.223994e-01,    0.000000e+00
     720,    7.453557e-01,   -7.375661e-02,    0.000000e+00
     721,    7.470053e-01,   -2.462133e-02,    0.000000e+00
     722,    7.475515e-01,    2.481403e-02,    0.000000e+00
     723,    7.486572e-01,    7.335851e-02,    0.000000e+00
     724,    7.481131e-01,    1.232193e-01,    0.000000e+00
     725,    7.464626e-01,    1.734312e-01,    0.000000e+00
     726,    7.473771e-01,    2.230553e-01,    0.000000e+00
     727,    7.000151e-01,    1.999886e-01,    0.000000e+00
     728,    6.469537e-01,    2.021962e-01,    0.000000e+00
     729,    5.985502e-01,    2.026070e-01,    0.000000e+00
     730,    5.495193e-01,    2.062284e-01,    0.000000e+00
     731,    5.011601e-01,    2.081152e-01,    0.000000e+00
     732,    4.532325e-01,    2.094149e-01,    0.000000e+00
     733,    4.055047e-01,    2.101517e-01,    0.000000e+00
     734,    3.575198e-01,    2.110492e-01,    0.000000e+00
     735,    3.097143e-01,    2.112732e-01,    0.000000e+00
     736,    2.619997e-01,    2.113241e-01,    0.000000e+00
     737,    2.143321e-01,    2.113337e-01,    0.000000e+00
     738,    1.666889e-01,    2.113346e-01,    0.000000e+00
     739,    1.190580e-01,    2.113341e-01,    0.000000e+00
     740,    7.143334e-02,    2.113337e-01,    0.000000e+00
     741,    2.381168e-02,    2.113335e-01,    0.000000e+00
     742,   -2.380857e-02,    2.113334e-01,    0.000000e+00
     743,   -7.142815e-02,    2.113334e-01,    0.000000e+00
     744,   -1.190474e-01,    2.113333e-01,    0.000000e+00
     745,   -1.666666e-01,    2.113333e-01,    0.000000e+00
     746,   -2.142857e-01,    2.113333e-01,    0.000000e+00
     747,   -2.619047e-01,    2.113333e-01,    0.000000e+00
     748,   -3.095238e-01,    2.113333e-01,    0.000000e+00
     749,   -3.571429e-01,    2.113333e-01,    0.000000e+00
     750,   -4.047619e-01,    2.113333e-01,    0.000000e+00
     751,   -4.532560e-01,    2.106082e-01,    0.000000e+00
     752,   -5.012570e-01,    2.102800e-01,    0.000000e+00
     753,   -5.498674e-01,    2.094619e-01,    0.000000e+00
     754,   -5.985337e-01,    2.086273e-01,    0.000000e+00
     755,   -6.473565e-01,    2.078740e-01,    0.000000e+00
     756,   -6.996990e-01,    2.011355e-01,    0.000000e+00
     757,   -7.013479e-01,    1.480003e-01,    0.000000e+00
     758,   -7.012036e-01,    9.878085e-02,    0.000000e+00
     759,   -7.042180e-01,    4.883608e-02,    0.000000e+00
     760,   -7.049399e-01,   -2.869059e-04,    0.000000e+00
     761,   -7.062169e-01,   -4.915136e-02,    0.000000e+00
     762,   -7.065079e-01,   -9.828941e-02,    0.000000e+00
     763,   -7.069961e-01,   -1.470014e-01,    0.000000e+00
     764,   -7.007847e-01,   -1.997520e-01,    0.000000e+00
     765,   -6.471025e-01,   -2.019517e-01,    0.000000e+00
     766,   -5.987619e-01,   -2.022344e-01,    0.000000e+00
     767,   -5.497382e-01,   -2.056772e-01,    0.000000e+00
     768,   -5.011717e-01,   -2.076744e-01,    0.000000e+00
     769,   -4.530961e-01,   -2.085004e-01,    0.000000e+00
     770,   -4.052225e-01,   -2.093491e-01,    0.000000e+00
     771,   -3.573881e-01,   -2.100576e-01,    0.000000e+00
     772,   -3.096211e-01,   -2.100905e-01,    0.000000e+00
     773,   -2.619178e-01,   -2.102125e-01,    0.000000e+00
     774,   -2.142132e-01,   -2.103167e-01,    0.000000e+00
     775,   -1.665319e-01,   -2.103682e-01,    0.000000e+00
     776,   -1.188746e-01,   -2.103897e-01,    0.000000e+00
     777,   -7.123400e-02,   -2.103982e-01,    0.000000e+00
     778,   -2.360337e-02,   -2.104016e-01,    0.000000e+00
     779,    2.402177e-02,   -2.104030e-01,    0.000000e+00
     780,    7.164403e-02,   -2.104035e-01,    0.000000e+00
     781,    1.192649e-01,   -2.104036e-01,    0.000000e+00
     782,    1.668853e-01,   -2.104033e-01,    0.000000e+00
     783,    2.145059e-01,   -2.104026e-01,    0.000000e+00
     784,    2.621278e-01,   -2.104012e-01,    0.000000e+00
     785,    3.097528e-01,   -2.103994e-01,    0.000000e+00
     786,    3.573784e-01,   -2.104094e-01,    0.000000e+00
     787,    4.052735e-01,   -2.102098e-01,    0.000000e+00
     788,    4.530266e-01,   -2.103110e-01,    0.000000e+00
     789,    5.014470e-01,   -2.096773e-01,    0.000000e+00
     790,    5.497651e-01,   -2.090939e-01,    0.000000e+00
     791,    5.983773e-01,   -2.084812e-01,    0.000000e+00
     792,    6.474074e-01,   -2.077302e-01,    0.000000e+00
     793,    6.995386e-01,   -2.009205e-01,    0.000000e+00
     794,    7.012361e-01,   -1.476639e-01,    0.000000e+00
     795,    7.011585e-01,   -9.793379e-02,    0.000000e+00
     796,    7.038636e-01,   -4.841226e-02,    0.000000e+00
     797,    7.050669e-01,    6.833854e-04,    0.000000e+00
     798,    7.060817e-01,    4.988051e-02,    0.000000e+00
     799,    7.064939e-01,    9.885950e-02,    0.000000e+00
     800,    7.065499e-01,    1.478120e-01,    0.000000e+00
     801,    6.682968e-01,    1.664905e-01,    0.000000e+00
     802,    6.231890e-01,    1.554921e-01,    0.000000e+00
     803,    5.722944e-01,    1.636858e-01,    0.000000e+00
     804,    5.246433e-01,    1.659664e-01,    0.000000e+00
     805,    4.770499e-01,    1.673912e-01,    0.000000e+00
     806,    4.289731e-01,    1.683253e-01,    0.000000e+00
     807,    3.814729e-01,    1.688647e-01,    0.000000e+00
     808,    3.336249e-01,    1.697999e-01,    0.000000e+00
     809,    2.858747e-01,    1.700319e-01,    0.000000e+00
     810,    2.381811e-01,    1.700854e-01,    0.000000e+00
     811,    1.905207e-01,    1.700957e-01,    0.000000e+00
     812,    1.428796e-01,    1.700967e-01,    0.000000e+00
     813,    9.524909e-02,    1.700962e-01,    0.000000e+00
     814,    4.762432e-02,    1.700958e-01,    0.000000e+00
     815,    2.475445e-06,    1.700955e-01,    0.000000e+00
     816,   -4.761791e-02,    1.700953e-01,    0.000000e+00
     817,   -9.523758e-02,    1.700953e-01,    0.000000e+00
     818,   -1.428569e-01,    1.700953e-01,    0.000000e+00
     819,   -1.904761e-01,    1.700952e-01,    0.000000e+00
     820,   -2.380952e-01,    1.700952e-01,    0.000000e+00
     821,   -2.857143e-01,    1.700952e-01,    0.000000e+00
     822,   -3.333333e-01,    1.700952e-01,    0.000000e+00
     823,   -3.809524e-01,    1.700952e-01,    0.000000e+00
     824,   -4.293856e-01,    1.693627e-01,    0.000000e+00
     825,   -4.774225e-01,    1.688871e-01,    0.000000e+00
     826,   -5.262485e-01,    1.678357e-01,    0.000000e+00
     827,   -5.748553e-01,    1.669199e-01,    0.000000e+00
     828,   -6.230838e-01,    1.666519e-01,    0.000000e+00
     829,   -6.655501e-01,    1.694715e-01,    0.000000e+00
     830,   -6.541676e-01,    1.238386e-01,    0.000000e+00
     831,   -6.617756e-01,    7.233180e-02,    0.000000e+00
     832,   -6.628030e-01,    2.361837e-02,    0.000000e+00
     833,   -6.632755e-01,   -2.554408e-02,    0.000000e+00
     834,   -6.640971e-01,   -7.428137e-02,    0.000000e+00
     835,   -6.653388e-01,   -1.230230e-01,    0.000000e+00
     836,   -6.685122e-01,   -1.656298e-01,    0.000000e+00
     837,   -6.233577e-01,   -1.547329e-01,    0.000000e+00
     838,   -5.723001e-01,   -1.626823e-01,    0.000000e+00
     839,   -5.248095e-01,   -1.648398e-01,    0.000000e+00
     840,   -4.768848e-01,   -1.666529e-01,    0.000000e+00
     841,   -4.290463e-01,   -1.671078e-01,    0.000000e+00
     842,   -3.812893e-01,   -1.671430e-01,    0.000000e+00
     843,   -3.335153e-01,   -1.683332e-01,    0.000000e+00
     844,   -2.857895e-01,   -1.686212e-01,    0.000000e+00
     845,   -2.380297e-01,   -1.688669e-01,    0.000000e+00
     846,   -1.903215e-01,   -1.689762e-01,    0.000000e+00
     847,   -1.426497e-01,   -1.690210e-01,    0.000000e+00
     848,   -9.499967e-02,   -1.690385e-01,    0.000000e+00
     849,   -4.736282e-02,   -1.690450e-01,    0.000000e+00
     850,    2.662888e-04,   -1.690473e-01,    0.000000e+00
     851,    4.789108e-02,   -1.690480e-01,    0.000000e+00
     852,    9.551376e-02,   -1.690479e-01,    0.000000e+00
     853,    1.431360e-01,   -1.690469e-01,    0.000000e+00
     854,    1.907595e-01,   -1.690448e-01,    0.000000e+00
     855,    2.383872e-01,   -1.690406e-01,    0.000000e+00
     856,    2.860245e-01,   -1.690340e-01,    0.000000e+00
     857,    3.336612e-01,   -1.690550e-01,    0.000000e+00
     858,    3.814767e-01,   -1.689448e-01,    0.000000e+00
     859,    4.295898e-01,   -1.682017e-01,    0.000000e+00
     860,    4.778313e-01,   -1.675273e-01,    0.000000e+00
     861,    5.262272e-01,   -1.666204e-01,    0.000000e+00
     862,    5.746940e-01,   -1.663762e-01,    0.000000e+00
     863,    6.230395e-01,   -1.658680e-01,    0.000000e+00
     864,    6.655043e-01,   -1.687235e-01,    0.000000e+00
     865,    6.538789e-01,   -1.234333e-01,    0.000000e+00
     866,    6.614866e-01,   -7.163167e-02,    0.000000e+00
     867,    6.627678e-01,   -2.287265e-02,    0.000000e+00
     868,    6.628028e-01,    2.630049e-02,    0.000000e+00
     869,    6.639813e-01,    7.530017e-02,    0.000000e+00
     870,    6.645535e-01,    1.239070e-01,    0.000000e+00
     871,    5.890013e-01,    1.245616e-01,    0.000000e+00
     872,    5.476110e-01,    1.236729e-01,    0.000000e+00
     873,    5.003289e-01,    1.251978e-01,    0.000000e+00
     874,    4.528797e-01,    1.259217e-01,    0.000000e+00
     875,    4.050632e-01,    1.269557e-01,    0.000000e+00
     876,    3.573508e-01,    1.271490e-01,    0.000000e+00
     877,    3.097001e-01,    1.275121e-01,    0.000000e+00
     878,    2.620395e-01,    1.276531e-01,    0.000000e+00
     879,    2.143784e-01,    1.276967e-01,    0.000000e+00
     880,    1.667260e-01,    1.277085e-01,    0.000000e+00
     881,    1.190843e-01,    1.277112e-01,    0.000000e+00
     882,    7.145123e-02,    1.277116e-01,    0.000000e+00
     883,    2.382403e-02,    1.277115e-01,    0.000000e+00
     884,   -2.379966e-02,    1.277114e-01,    0.000000e+00
     885,   -7.142148e-02,    1.277114e-01,    0.000000e+00
     886,   -1.190426e-01,    1.277116e-01,    0.000000e+00
     887,   -1.666638e-01,    1.277123e-01,    0.000000e+00
     888,   -2.142865e-01,    1.277147e-01,    0.000000e+00
     889,   -2.619129e-01,    1.277208e-01,    0.000000e+00
     890,   -3.095498e-01,    1.277325e-01,    0.000000e+00
     891,   -3.573139e-01,    1.277030e-01,    0.000000e+00
     892,   -4.055259e-01,    1.273751e-01,    0.000000e+00
     893,   -4.535510e-01,    1.273776e-01,    0.000000e+00
     894,   -5.022408e-01,    1.262923e-01,    0.000000e+00
     895,   -5.515334e-01,    1.240846e-01,    0.000000e+00
     896,   -6.006871e-01,    1.250441e-01,    0.000000e+00
     897,   -6.228082e-01,    8.946153e-02,    0.000000e+00
     898,   -6.203275e-01,    4.697918e-02,    0.000000e+00
     899,   -6.206501e-01,   -1.422767e-03,    0.000000e+00
     900,   -6.205174e-01,   -5.107697e-02,    0.000000e+00
     901,   -6.227816e-01,   -1.008441e-01,    0.000000e+00
     902,   -5.888021e-01,   -1.237650e-01,    0.000000e+00
     903,   -5.474147e-01,   -1.221857e-01,    0.000000e+00
     904,   -5.002158e-01,   -1.239769e-01,    0.000000e+00
     905,   -4.527919e-01,   -1.246311e-01,    0.000000e+00
     906,   -4.051213e-01,   -1.249083e-01,    0.000000e+00
     907,   -3.573550e-01,   -1.253488e-01,    0.000000e+00
     908,   -3.096572e-01,   -1.255957e-01,    0.000000e+00
     909,   -2.619572e-01,   -1.257171e-01,    0.000000e+00
     910,   -2.142499e-01,   -1.258802e-01,    0.000000e+00
     911,   -1.665594e-01,   -1.259719e-01,    0.000000e+00
     912,   -1.188922e-01,   -1.260125e-01,    0.000000e+00
     913,   -7.124343e-02,   -1.260285e-01,    0.000000e+00
     914,   -2.360686e-02,   -1.260342e-01,    0.000000e+00
     915,    2.402254e-02,   -1.260360e-01,    0.000000e+00
     916,    7.164835e-02,   -1.260360e-01,    0.000000e+00
     917,    1.192735e-01,   -1.260348e-01,    0.000000e+00
     918,    1.669013e-01,   -1.260319e-01,    0.000000e+00
     919,    2.145373e-01,   -1.260264e-01,    0.000000e+00
     920,    2.621925e-01,   -1.260179e-01,    0.000000e+00
     921,    3.098363e-01,   -1.260705e-01,    0.000000e+00
     922,    3.576271e-01,   -1.259765e-01,    0.000000e+00
     923,    4.055504e-01,   -1.256067e-01,    0.000000e+00
     924,    4.537160e-01,   -1.255999e-01,    0.000000e+00
     925,    5.019363e-01,   -1.252635e-01,    0.000000e+00
     926,    5.514398e-01,   -1.231022e-01,    0.000000e+00
     927,    6.005252e-01,   -1.241757e-01,    0.000000e+00
     928,    6.226961e-01,   -8.879961e-02,    0.000000e+00
     929,    6.202040e-01,   -4.612094e-02,    0.000000e+00
     930,    6.203295e-01,    2.492290e-03,    0.000000e+00
     931,    6.205274e-01,    5.208346e-02,    0.000000e+00
     932,    6.229976e-01,    1.017986e-01,    0.000000e+00
     933,    5.751891e-01,    7.961676e-02,    0.000000e+00
     934,    5.240134e-01,    8.399766e-02,    0.000000e+00
     935,    4.768055e-01,    8.394497e-02,    0.000000e+00
     936,    4.289720e-01,    8.463853e-02,    0.000000e+00
     937,    3.813096e-01,    8.510244e-02,    0.000000e+00
     938,    3.335085e-01,    8.556087e-02,    0.000000e+00
     939,    2.858024e-01,    8.579207e-02,    0.000000e+00
     940,    2.381295e-01,    8.589286e-02,    0.000000e+00
     941,    1.904709e-01,    8.592808e-02,    0.000000e+00
     942,    1.428237e-01,    8.593819e-02,    0.000000e+00
     943,    9.518591e-02,    8.594026e-02,    0.000000e+00
     944,    4.755493e-02,    8.594021e-02,    0.000000e+00
     945,   -7.162058e-05,    8.593982e-02,    0.000000e+00
     946,   -4.769580e-02,    8.593959e-02,    0.000000e+00
     947,   -9.531944e-02,    8.593978e-02,    0.000000e+00
     948,   -1.429446e-01,    8.594082e-02,    0.000000e+00
     949,   -1.905747e-01,    8.594350e-02,    0.000000e+00
     950,   -2.382172e-01,    8.594823e-02,    0.000000e+00
     951,   -2.858910e-01,    8.595058e-02,    0.000000e+00
     952,   -3.338232e-01,    8.594588e-02,    0.000000e+00
     953,   -3.816542e-01,    8.563146e-02,    0.000000e+00
     954,   -4.295894e-01,    8.512949e-02,    0.000000e+00
     955,   -4.777588e-01,    8.480472e-02,    0.000000e+00
     956,   -5.260244e-01,    8.402870e-02,    0.000000e+00
     957,   -5.775300e-01,    7.738634e-02,    0.000000e+00
     958,   -5.784347e-01,    2.370368e-02,    0.000000e+00
     959,   -5.784548e-01,   -2.542930e-02,    0.000000e+00
     960,   -5.752863e-01,   -7.830714e-02,    0.000000e+00
     961,   -5.238461e-01,   -8.292434e-02,    0.000000e+00
     962,   -4.766197e-01,   -8.282628e-02,    0.000000e+00
     963,   -4.290787e-01,   -8.272292e-02,    0.000000e+00
     964,   -3.813034e-01,   -8.286088e-02,    0.000000e+00
     965,   -3.335859e-01,   -8.307047e-02,    0.000000e+00
     966,   -2.857952e-01,   -8.318895e-02,    0.000000e+00
     967,   -2.380767e-01,   -8.321181e-02,    0.000000e+00
     968,   -1.904003e-01,   -8.325944e-02,    0.000000e+00
     969,   -1.427447e-01,   -8.329503e-02,    0.000000e+00
     970,   -9.510137e-02,   -8.331332e-02,    0.000000e+00
     971,   -4.746635e-02,   -8.332100e-02,    0.000000e+00
     972,    1.631839e-04,   -8.332367e-02,    0.000000e+00
     973,    4.778968e-02,   -8.332412e-02,    0.000000e+00
     974,    9.541568e-02,   -8.332332e-02,    0.000000e+00
     975,    1.430447e-01,   -8.332120e-02,    0.000000e+00
     976,    1.906831e-01,   -8.331703e-02,    0.000000e+00
     977,    2.383436e-01,   -8.331043e-02,    0.000000e+00
     978,    2.860080e-01,   -8.333815e-02,    0.000000e+00
     979,    3.337257e-01,   -8.333910e-02,    0.000000e+00
     980,    3.815237e-01,   -8.347391e-02,    0.000000e+00
     981,    4.295341e-01,   -8.352103e-02,    0.000000e+00
     982,    4.775194e-01,   -8.367315e-02,    0.000000e+00
     983,    5.257070e-01,   -8.306293e-02,    0.000000e+00
     984,    5.773923e-01,   -7.637378e-02,    0.000000e+00
     985,    5.783751e-01,   -2.250963e-02,    0.000000e+00
     986,    5.782410e-01,    2.637872e-02,    0.000000e+00
     987,    5.423164e-01,    4.617855e-02,    0.000000e+00
     988,    5.004240e-01,    4.218907e-02,    0.000000e+00
     989,    4.529617e-01,    4.254177e-02,    0.000000e+00
     990,    4.053548e-01,    4.267517e-02,    0.000000e+00
     991,    3.575261e-01,    4.290900e-02,    0.000000e+00
     992,    3.098458e-01,    4.318175e-02,    0.000000e+00
     993,    2.621535e-01,    4.334913e-02,    0.000000e+00
     994,    2.144706e-01,    4.341815e-02,    0.000000e+00
     995,    1.668091e-01,    4.344202e-02,    0.000000e+00
     996,    1.191638e-01,    4.344871e-02,    0.000000e+00
     997,    7.152868e-02,    4.344988e-02,    0.000000e+00
     998,    2.389961e-02,    4.344967e-02,    0.000000e+00
     999,   -2.372650e-02,    4.344943e-02,    0.000000e+00
    1000,   -7.135219e-02,    4.344970e-02,    0.000000e+00
    1001,   -1.189804e-01,    4.345110e-02,    0.000000e+00
    1002,   -1.666160e-01,    4.345470e-02,    0.000000e+00
    1003,   -2.142688e-01,    4.346176e-02,    0.000000e+00
    1004,   -2.619606e-01,    4.347086e-02,    0.000000e+00
    1005,   -3.098166e-01,    4.350798e-02,    0.000000e+00
    1006,   -3.576621e-01,    4.321781e-02,    0.000000e+00
    1007,   -4.055864e-01,    4.350487e-02,    0.000000e+00
    1008,   -4.537053e-01,    4.312376e-02,    0.000000e+00
    1009,   -5.018525e-01,    4.252167e-02,    0.000000e+00
    1010,   -5.434716e-01,    4.536956e-02,    0.000000e+00
    1011,   -5.321391e-01,   -7.074800e-05,    0.000000e+00
    1012,   -5.425743e-01,   -4.545274e-02,    0.000000e+00
    1013,   -5.007839e-01,   -4.132987e-02,    0.000000e+00
    1014,   -4.533778e-01,   -4.051661e-02,    0.000000e+00
    1015,   -4.055295e-01,   -4.043527e-02,    0.000000e+00
    1016,   -3.575547e-01,   -4.058282e-02,    0.000000e+00
    1017,   -3.097289e-01,   -4.079616e-02,    0.000000e+00
    1018,   -2.619679e-01,   -4.086690e-02,    0.000000e+00
    1019,   -2.142560e-01,   -4.089817e-02,    0.000000e+00
    1020,   -1.665816e-01,   -4.092854e-02,    0.000000e+00
    1021,   -1.189296e-01,   -4.094991e-02,    0.000000e+00
    1022,   -7.129034e-02,   -4.096115e-02,    0.000000e+00
    1023,   -2.365832e-02,   -4.096588e-02,    0.000000e+00
    1024,    2.396987e-02,   -4.096730e-02,    0.000000e+00
    1025,    7.159712e-02,   -4.096702e-02,    0.000000e+00
    1026,    1.192271e-01,   -4.096550e-02,    0.000000e+00
    1027,    1.668663e-01,   -4.096258e-02,    0.000000e+00
    1028,    2.145275e-01,   -4.095872e-02,    0.000000e+00
    1029,    2.622290e-01,   -4.096594e-02,    0.000000e+00
    1030,    3.098823e-01,   -4.107354e-02,    0.000000e+00
    1031,    3.576143e-01,   -4.112669e-02,    0.000000e+00
    1032,    4.055139e-01,   -4.118244e-02,    0.000000e+00
    1033,    4.535130e-01,   -4.154111e-02,    0.000000e+00
    1034,    5.016409e-01,   -4.104898e-02,    0.000000e+00
    1035,    5.432883e-01,   -4.428163e-02,    0.000000e+00
    1036,    5.317099e-01,    1.215356e-03,    0.000000e+00
    1037,    4.787159e-01,    5.892708e-04,    0.000000e+00
    1038,    4.296671e-01,    8.513775e-04,    0.000000e+00
    1039,    3.817495e-01,    6.683774e-04,    0.000000e+00
    1040,    3.338188e-01,    8.454029e-04,    0.000000e+00
    1041,    2.860341e-01,    9.898437e-04,    0.000000e+00
    1042,    2.383451e-01,    1.107418e-03,    0.000000e+00
    1043,    1.906758e-01,    1.156440e-03,    0.000000e+00
    1044,    1.430228e-01,    1.172636e-03,    0.000000e+00
    1045,    9.538168e-02,    1.176750e-03,    0.000000e+00
    1046,    4.774780e-02,    1.177241e-03,    0.000000e+00
    1047,    1.173769e-04,    1.177392e-03,    0.000000e+00
    1048,   -4.751283e-02,    1.178980e-03,    0.000000e+00
    1049,   -9.514630e-02,    1.184014e-03,    0.000000e+00
    1050,   -1.427882e-01,    1.195115e-03,    0.000000e+00
    1051,   -1.904479e-01,    1.213599e-03,    0.000000e+00
    1052,   -2.381430e-01,    1.235949e-03,    0.000000e+00
    1053,   -2.859200e-01,    1.283296e-03,    0.000000e+00
    1054,   -3.337770e-01,    1.292200e-03,    0.000000e+00
    1055,   -3.816568e-01,    1.427232e-03,    0.000000e+00
    1056,   -4.299810e-01,    1.176472e-03,    0.000000e+00
    1057,   -4.790982e-01,    7.828657e-04,    0.000000e+00